t,switch,port,queue,mbit_s
1789899060.4,s2,1,0,0.002
1789899060.4,s2,1,1,0.0
1789899060.4,s2,1,2,0.0
1789899060.4,s2,2,0,0.159
1789899060.4,s2,2,1,0.551
1789899060.4,s2,2,2,0.15
1789899060.4,s1,4,0,0.0
1789899060.4,s1,4,1,0.0
1789899060.4,s1,4,2,0.0
1789899060.4,s1,3,0,0.159
1789899060.4,s1,3,1,0.551
1789899060.4,s1,3,2,0.15
1789899060.4,s3,1,0,0.0
1789899060.4,s3,1,1,0.0
1789899060.4,s3,1,2,0.0
1789899060.4,s3,2,0,0.0
1789899060.4,s3,2,1,0.0
1789899060.4,s3,2,2,0.0
1789899060.4,s4,4,0,0.0
1789899060.4,s4,4,1,0.0
1789899060.4,s4,4,2,0.0
1789899060.4,s4,3,0,0.002
1789899060.4,s4,3,1,0.0
1789899060.4,s4,3,2,0.0
1789899065.4,s1,4,0,0.0
1789899065.4,s1,4,1,0.0
1789899065.4,s1,4,2,0.0
1789899065.4,s1,3,0,0.794
1789899065.4,s1,3,1,1.878
1789899065.4,s1,3,2,0.572
1789899065.4,s3,1,0,0.0
1789899065.4,s3,1,1,0.0
1789899065.4,s3,1,2,0.0
1789899065.4,s3,2,0,0.0
1789899065.4,s3,2,1,0.0
1789899065.4,s3,2,2,0.0
1789899065.4,s4,4,0,0.0
1789899065.4,s4,4,1,0.0
1789899065.4,s4,4,2,0.0
1789899065.4,s4,3,0,0.0
1789899065.4,s4,3,1,0.0
1789899065.4,s4,3,2,0.0
1789899065.4,s2,1,0,0.0
1789899065.4,s2,1,1,0.0
1789899065.4,s2,1,2,0.0
1789899065.4,s2,2,0,0.794
1789899065.4,s2,2,1,1.878
1789899065.4,s2,2,2,0.572
1789899070.4,s1,4,0,0.0
1789899070.4,s1,4,1,0.0
1789899070.4,s1,4,2,0.0
1789899070.4,s1,3,0,0.778
1789899070.4,s1,3,1,2.282
1789899070.4,s1,3,2,0.641
1789899070.4,s2,1,0,0.0
1789899070.4,s2,1,1,0.0
1789899070.4,s2,1,2,0.0
1789899070.4,s2,2,0,0.773
1789899070.4,s2,2,1,2.282
1789899070.4,s2,2,2,0.641
1789899070.4,s4,4,0,0.0
1789899070.4,s4,4,1,0.0
1789899070.4,s4,4,2,0.0
1789899070.4,s4,3,0,0.0
1789899070.4,s4,3,1,0.0
1789899070.4,s4,3,2,0.0
1789899070.4,s3,1,0,0.0
1789899070.4,s3,1,1,0.0
1789899070.4,s3,1,2,0.0
1789899070.4,s3,2,0,0.0
1789899070.4,s3,2,1,0.0
1789899070.4,s3,2,2,0.0
1789899075.4,s1,4,0,0.0
1789899075.4,s1,4,1,0.0
1789899075.4,s1,4,2,0.0
1789899075.4,s1,3,0,0.639
1789899075.4,s1,3,1,2.508
1789899075.4,s1,3,2,0.662
1789899075.4,s4,4,0,0.0
1789899075.4,s4,4,1,0.0
1789899075.4,s4,4,2,0.0
1789899075.4,s4,3,0,0.0
1789899075.4,s4,3,1,0.0
1789899075.4,s4,3,2,0.0
1789899075.4,s3,1,0,0.0
1789899075.4,s3,1,1,0.0
1789899075.4,s3,1,2,0.0
1789899075.4,s3,2,0,0.0
1789899075.4,s3,2,1,0.0
1789899075.4,s3,2,2,0.0
1789899075.4,s2,1,0,0.0
1789899075.4,s2,1,1,0.0
1789899075.4,s2,1,2,0.0
1789899075.4,s2,2,0,0.644
1789899075.4,s2,2,1,2.508
1789899075.4,s2,2,2,0.662
1789899080.4,s1,4,0,0.0
1789899080.4,s1,4,1,0.0
1789899080.4,s1,4,2,0.0
1789899080.4,s1,3,0,0.874
1789899080.4,s1,3,1,1.837
1789899080.4,s1,3,2,0.561
1789899080.4,s3,1,0,0.0
1789899080.4,s3,1,1,0.0
1789899080.4,s3,1,2,0.0
1789899080.4,s3,2,0,0.0
1789899080.4,s3,2,1,0.0
1789899080.4,s3,2,2,0.0
1789899080.4,s4,4,0,0.0
1789899080.4,s4,4,1,0.0
1789899080.4,s4,4,2,0.0
1789899080.4,s4,3,0,0.0
1789899080.4,s4,3,1,0.0
1789899080.4,s4,3,2,0.0
1789899080.4,s2,1,0,0.0
1789899080.4,s2,1,1,0.0
1789899080.4,s2,1,2,0.0
1789899080.4,s2,2,0,0.87
1789899080.4,s2,2,1,1.837
1789899080.4,s2,2,2,0.561
1789899085.4,s2,1,0,0.0
1789899085.4,s2,1,1,0.0
1789899085.4,s2,1,2,0.0
1789899085.4,s2,2,0,0.784
1789899085.4,s2,2,1,2.076
1789899085.4,s2,2,2,0.6
1789899085.4,s4,4,0,0.0
1789899085.4,s4,4,1,0.0
1789899085.4,s4,4,2,0.0
1789899085.4,s4,3,0,0.0
1789899085.4,s4,3,1,0.0
1789899085.4,s4,3,2,0.0
1789899085.4,s1,4,0,0.0
1789899085.4,s1,4,1,0.0
1789899085.4,s1,4,2,0.0
1789899085.4,s1,3,0,0.78
1789899085.4,s1,3,1,2.079
1789899085.4,s1,3,2,0.6
1789899085.4,s3,1,0,0.0
1789899085.4,s3,1,1,0.0
1789899085.4,s3,1,2,0.0
1789899085.4,s3,2,0,0.0
1789899085.4,s3,2,1,0.0
1789899085.4,s3,2,2,0.0
1789899090.4,s4,4,0,0.0
1789899090.4,s4,4,1,0.0
1789899090.4,s4,4,2,0.0
1789899090.4,s4,3,0,0.0
1789899090.4,s4,3,1,0.0
1789899090.4,s4,3,2,0.0
1789899090.4,s3,1,0,0.0
1789899090.4,s3,1,1,0.0
1789899090.4,s3,1,2,0.0
1789899090.4,s3,2,0,0.0
1789899090.4,s3,2,1,0.0
1789899090.4,s3,2,2,0.0
1789899090.4,s2,1,0,0.0
1789899090.4,s2,1,1,0.0
1789899090.4,s2,1,2,0.0
1789899090.4,s2,2,0,0.694
1789899090.4,s2,2,1,2.515
1789899090.4,s2,2,2,0.676
1789899090.4,s1,4,0,0.0
1789899090.4,s1,4,1,0.0
1789899090.4,s1,4,2,0.0
1789899090.4,s1,3,0,0.697
1789899090.4,s1,3,1,2.513
1789899090.4,s1,3,2,0.676
1789899095.4,s2,1,0,0.0
1789899095.4,s2,1,1,0.0
1789899095.4,s2,1,2,0.0
1789899095.4,s2,2,0,0.736
1789899095.4,s2,2,1,2.282
1789899095.4,s2,2,2,0.63
1789899095.4,s4,4,0,0.0
1789899095.4,s4,4,1,0.0
1789899095.4,s4,4,2,0.0
1789899095.4,s4,3,0,0.0
1789899095.4,s4,3,1,0.0
1789899095.4,s4,3,2,0.0
1789899095.4,s3,1,0,0.0
1789899095.4,s3,1,1,0.0
1789899095.4,s3,1,2,0.0
1789899095.4,s3,2,0,0.0
1789899095.4,s3,2,1,0.0
1789899095.4,s3,2,2,0.0
1789899095.4,s1,4,0,0.0
1789899095.4,s1,4,1,0.0
1789899095.4,s1,4,2,0.0
1789899095.4,s1,3,0,0.734
1789899095.4,s1,3,1,2.282
1789899095.4,s1,3,2,0.63
1789899100.4,s3,1,0,0.0
1789899100.4,s3,1,1,0.0
1789899100.4,s3,1,2,0.0
1789899100.4,s3,2,0,0.0
1789899100.4,s3,2,1,0.0
1789899100.4,s3,2,2,0.0
1789899100.4,s1,4,0,0.0
1789899100.4,s1,4,1,0.0
1789899100.4,s1,4,2,0.0
1789899100.4,s1,3,0,0.678
1789899100.4,s1,3,1,2.517
1789899100.4,s1,3,2,0.667
1789899100.4,s4,4,0,0.0
1789899100.4,s4,4,1,0.0
1789899100.4,s4,4,2,0.0
1789899100.4,s4,3,0,0.0
1789899100.4,s4,3,1,0.0
1789899100.4,s4,3,2,0.0
1789899100.4,s2,1,0,0.0
1789899100.4,s2,1,1,0.0
1789899100.4,s2,1,2,0.0
1789899100.4,s2,2,0,0.678
1789899100.4,s2,2,1,2.517
1789899100.4,s2,2,2,0.667
1789899105.4,s3,1,0,0.0
1789899105.4,s3,1,1,0.0
1789899105.4,s3,1,2,0.0
1789899105.4,s3,2,0,0.0
1789899105.4,s3,2,1,0.0
1789899105.4,s3,2,2,0.0
1789899105.4,s1,4,0,0.0
1789899105.4,s1,4,1,0.0
1789899105.4,s1,4,2,0.0
1789899105.4,s1,3,0,0.821
1789899105.4,s1,3,1,1.867
1789899105.4,s1,3,2,0.554
1789899105.4,s2,1,0,0.0
1789899105.4,s2,1,1,0.0
1789899105.4,s2,1,2,0.0
1789899105.4,s2,2,0,0.821
1789899105.4,s2,2,1,1.867
1789899105.4,s2,2,2,0.554
1789899105.4,s4,4,0,0.0
1789899105.4,s4,4,1,0.0
1789899105.4,s4,4,2,0.0
1789899105.4,s4,3,0,0.0
1789899105.4,s4,3,1,0.0
1789899105.4,s4,3,2,0.0
1789899110.4,s3,1,0,0.0
1789899110.4,s3,1,1,0.0
1789899110.4,s3,1,2,0.0
1789899110.4,s3,2,0,0.0
1789899110.4,s3,2,1,0.0
1789899110.4,s3,2,2,0.0
1789899110.4,s4,4,0,0.0
1789899110.4,s4,4,1,0.0
1789899110.4,s4,4,2,0.0
1789899110.4,s4,3,0,0.0
1789899110.4,s4,3,1,0.0
1789899110.4,s4,3,2,0.0
1789899110.4,s1,4,0,0.0
1789899110.4,s1,4,1,0.0
1789899110.4,s1,4,2,0.0
1789899110.4,s1,3,0,0.722
1789899110.4,s1,3,1,2.113
1789899110.4,s1,3,2,0.595
1789899110.4,s2,1,0,0.0
1789899110.4,s2,1,1,0.0
1789899110.4,s2,1,2,0.0
1789899110.4,s2,2,0,0.722
1789899110.4,s2,2,1,2.113
1789899110.4,s2,2,2,0.595
1789899115.4,s1,4,0,0.0
1789899115.4,s1,4,1,0.0
1789899115.4,s1,4,2,0.0
1789899115.4,s1,3,0,0.886
1789899115.4,s1,3,1,1.975
1789899115.4,s1,3,2,0.602
1789899115.4,s4,4,0,0.0
1789899115.4,s4,4,1,0.0
1789899115.4,s4,4,2,0.0
1789899115.4,s4,3,0,0.0
1789899115.4,s4,3,1,0.0
1789899115.4,s4,3,2,0.0
1789899115.4,s2,1,0,0.0
1789899115.4,s2,1,1,0.0
1789899115.4,s2,1,2,0.0
1789899115.4,s2,2,0,0.886
1789899115.4,s2,2,1,1.973
1789899115.4,s2,2,2,0.602
1789899115.4,s3,1,0,0.0
1789899115.4,s3,1,1,0.0
1789899115.4,s3,1,2,0.0
1789899115.4,s3,2,0,0.0
1789899115.4,s3,2,1,0.0
1789899115.4,s3,2,2,0.0
1789899120.4,s2,1,0,0.0
1789899120.4,s2,1,1,0.0
1789899120.4,s2,1,2,0.0
1789899120.4,s2,2,0,1.597
1789899120.4,s2,2,1,1.802
1789899120.4,s2,2,2,0.501
1789899120.4,s1,4,0,0.0
1789899120.4,s1,4,1,0.0
1789899120.4,s1,4,2,0.0
1789899120.4,s1,3,0,1.597
1789899120.4,s1,3,1,1.8
1789899120.4,s1,3,2,0.501
1789899120.4,s3,1,0,0.0
1789899120.4,s3,1,1,0.0
1789899120.4,s3,1,2,0.0
1789899120.4,s3,2,0,0.0
1789899120.4,s3,2,1,0.0
1789899120.4,s3,2,2,0.0
1789899120.4,s4,4,0,0.0
1789899120.4,s4,4,1,0.0
1789899120.4,s4,4,2,0.0
1789899120.4,s4,3,0,0.0
1789899120.4,s4,3,1,0.0
1789899120.4,s4,3,2,0.0
